method_a,method_b,label_fraction,t_stat,p_value
svm,random_forest,0.05,-32.85583306769699,5.117101248436429e-06
svm,random_forest,0.1,-7.132883906544202,0.0020427894124899243
svm,random_forest,0.25,-7.1835703201172345,0.0019891495679039716
svm,random_forest,0.5,-4.3632322401209835,0.012031635400883103
svm,random_forest,1.0,-10.456947065415916,0.0004726144845568575
svm,cnn1d,0.05,-19.80705269965645,3.832901770652433e-05
svm,cnn1d,0.1,-13.597916842409179,0.00016934147772708317
svm,cnn1d,0.25,-36.57178256882439,3.337375817681534e-06
svm,cnn1d,0.5,-32.11993127606565,5.600820552825002e-06
svm,cnn1d,1.0,-35.96446351975832,3.567974757362014e-06
svm,lstm,0.05,49.01359735194512,1.0367658746676426e-06
svm,lstm,0.1,22.46272283822246,2.3258689385353605e-05
svm,lstm,0.25,6.879706086484069,0.0023390953726318197
svm,lstm,0.5,7.076888956521135,0.0021041384363964283
svm,lstm,1.0,18.87479091373564,4.6402254913521986e-05
svm,protonet,0.05,-14.055949678800342,0.00014866071996538763
svm,protonet,0.1,-16.77275987293808,7.404759848652082e-05
svm,protonet,0.25,-52.018346589266514,8.174399167082151e-07
svm,protonet,0.5,-33.64901019296474,4.652745414825137e-06
svm,protonet,1.0,-35.67559614764094,3.684638405773778e-06
svm,simclr_linear,0.05,2.4033451161367005,0.07408710836576203
svm,simclr_linear,0.1,-0.5751678278202395,0.5959831186407352
svm,simclr_linear,0.25,-0.3252931704088921,0.7612631470660822
svm,simclr_linear,0.5,-8.456712955901915,0.0010712903202315062
svm,simclr_linear,1.0,-11.448435896736312,0.000332195007243403
random_forest,cnn1d,0.05,-14.701512111468501,0.00012457324829227333
random_forest,cnn1d,0.1,-21.83783296325565,2.6017536161739936e-05
random_forest,cnn1d,0.25,-49.86151620344396,9.681121364376732e-07
random_forest,cnn1d,0.5,-33.638812600346924,4.658373316365535e-06
random_forest,cnn1d,1.0,-29.004809503173288,8.410802893661592e-06
random_forest,lstm,0.05,52.126121577884504,8.107086002928412e-07
random_forest,lstm,0.1,21.96817200017864,2.540972142843503e-05
random_forest,lstm,0.25,7.125438512557331,0.0020508182750626075
random_forest,lstm,0.5,7.255817726520187,0.0019156628915705746
random_forest,lstm,1.0,18.099217008008807,5.479299109937234e-05
random_forest,protonet,0.05,-10.787495932657261,0.0004187833361313103
random_forest,protonet,0.1,-50.32360922892577,9.330860952584359e-07
random_forest,protonet,0.25,-33.06624756579516,4.988479563811729e-06
random_forest,protonet,0.5,-28.00752604180612,9.668748181895544e-06
random_forest,protonet,1.0,-29.015055025164145,8.39897619420353e-06
random_forest,simclr_linear,0.05,4.251062130932177,0.013146928945528484
random_forest,simclr_linear,0.1,7.970836179653285,0.0013424116620567408
random_forest,simclr_linear,0.25,6.4154919676993725,0.0030336671315796706
random_forest,simclr_linear,0.5,1.978164590955166,0.11905138697400686
random_forest,simclr_linear,1.0,-4.97233483614259,0.007638803697818685
cnn1d,lstm,0.05,63.939615443354505,3.5839612648185477e-07
cnn1d,lstm,0.1,23.592201038715817,1.913786154768461e-05
cnn1d,lstm,0.25,7.697686483225178,0.001532365144727886
cnn1d,lstm,0.5,8.31117458286071,0.00114474177838145
cnn1d,lstm,1.0,26.81565629843177,1.149692843905328e-05
cnn1d,protonet,0.05,-1.434947387859707,0.2246251032194748
cnn1d,protonet,0.1,-1.0416299203947226,0.35639806669546364
cnn1d,protonet,0.25,1.4387530763250356,0.22361666252036635
cnn1d,protonet,0.5,3.352307872296127,0.028507661354426683
cnn1d,protonet,1.0,1.6329929931346907,0.1778078436426706
cnn1d,simclr_linear,0.05,10.12164608346456,0.0005362916773576303
cnn1d,simclr_linear,0.1,15.906340788951887,9.130879030367908e-05
cnn1d,simclr_linear,0.25,31.222655413927757,6.270580548416964e-06
cnn1d,simclr_linear,0.5,47.65953353860928,1.1595207304944643e-06
cnn1d,simclr_linear,1.0,25.531069665855878,1.3978045723391135e-05
lstm,protonet,0.05,-74.33392720692154,1.9628139452277006e-07
lstm,protonet,0.1,-23.312857679437492,2.0065993199038267e-05
lstm,protonet,0.25,-7.666691252918846,0.00155596374516253
lstm,protonet,0.5,-8.298391371496802,0.0011514870603577618
lstm,protonet,1.0,-26.367068831498504,1.2295627988592715e-05
lstm,simclr_linear,0.05,-32.67456481227054,5.231243799948961e-06
lstm,simclr_linear,0.1,-20.861268088650437,3.1200722374937495e-05
lstm,simclr_linear,0.25,-7.018149637239627,0.0021709563689351406
lstm,simclr_linear,0.5,-7.194409273666942,0.0019779055667373665
lstm,simclr_linear,1.0,-18.23735239787629,5.316781947366823e-05
protonet,simclr_linear,0.05,8.236485702902852,0.0011848576683071799
protonet,simclr_linear,0.1,20.202560772420004,3.543764418123544e-05
protonet,simclr_linear,0.25,38.444402037869494,2.7344021032456486e-06
protonet,simclr_linear,0.5,44.596728017898755,1.5117671868687475e-06
protonet,simclr_linear,1.0,27.959131475419625,9.735579591432408e-06
