method,label_fraction,mean,std
cnn1d,0.05,0.8233805363061162,0.03878494456052965
cnn1d,0.1,0.8160891834890027,0.021672976001453282
cnn1d,0.25,0.8381440192829166,0.024985197502548025
cnn1d,0.5,0.8539319072009641,0.005159109320398674
cnn1d,1.0,0.845194335643266,0.015730110544749053
lstm,0.05,0.34877975293763186,0.03261905501760011
lstm,0.1,0.41578788791804755,0.08417612679166471
lstm,0.25,0.5795119011750527,0.06278836326139896
lstm,0.5,0.6613437782464598,0.05101513261044423
lstm,1.0,0.7034648990659836,0.03905666955174671
protonet,0.05,0.8283217836697802,0.017546942918566073
protonet,0.1,0.8309731846941849,0.02665912519219482
protonet,0.25,0.8617655920457968,0.04814246922339241
protonet,0.5,0.8769508888219344,0.04697825044755557
protonet,1.0,0.8501355830069297,0.03061124449062484
random_forest,0.05,0.757457065381139,0.009220333683699547
random_forest,0.1,0.7625790900873757,0.004468935514971793
random_forest,0.25,0.7686652606206689,0.003541985419628938
random_forest,0.5,0.768846037963242,0.003357790109251008
random_forest,1.0,0.7723410665863212,0.000756245881169685
simclr_linear,0.05,0.7535402229587225,0.017429629773312146
simclr_linear,0.1,0.7608918348900271,0.01831545021522658
simclr_linear,0.25,0.7656523049111178,0.024765322977937
simclr_linear,0.5,0.7774028321783669,0.02341824549643639
simclr_linear,1.0,0.8034347695088881,0.019555916240204013
svm,0.05,0.7711961434166918,0.01974187354813591
svm,0.1,0.7927689062970774,0.019985005855220495
svm,0.25,0.7957216028924375,0.012927651673952947
svm,0.5,0.791262428442302,0.005272242051900446
svm,1.0,0.7890931003314251,0.0
